{
"task": {
  "input": {
    "reverseEngineeringInputData": {
    "description": "data from Gepasi",
    "numberVariables": 10,
    "fieldCardinality": 7,
    "timeSeriesData": [
      {
        "matrix": [
            [2, 0, 6, 0, 0, 2, 4, 1, 6, 5], 
	    [1, 2, 5, 0, 1, 2, 4, 2, 6, 5], 
	    [1, 2, 4, 1, 2, 3, 2, 2, 6, 5], 
	    [1, 2, 3, 2, 3, 4, 2, 2, 5, 5], 
	    [1, 4, 2, 3, 4, 3, 2, 4, 6, 6], 
	    [1, 3, 2, 3, 4, 3, 2, 3, 6, 6], 
	    [2, 3, 2, 4, 5, 4, 2, 4, 6, 6], 
	    [0, 3, 2, 4, 5, 4, 2, 4, 6, 6], 
	    [1, 5, 1, 4, 5, 3, 1, 4, 5, 6]
        ],
        "name": "wildtype experiment 1",
        "index": [] 
      },
      {
        "matrix": [
            [1, 5, 1, 3, 5, 4, 1, 5, 5, 6], 
	    [1, 4, 1, 3, 5, 4, 2, 4, 6, 6], 
	    [0, 4, 1, 3, 5, 4, 1, 5, 6, 6], 
	    [0, 5, 1, 4, 6, 3, 2, 5, 6, 6] 
        ],
        "name": "wildtype experiment 2",
        "index": [] 
      }
      
          ]
  },
  "method": {
    "id": "REACT",
    "name": "evolutionary algorithm",
    "parameter": ["your parameter 1","your parameter 2"]
    },
  "type": "reverseEngineering"
  }
}
}
