{
"task": {
  "input": {
    "reverseEngineeringInputData": {
    "description": "data from Gepasi",
    "numberVariables": 5,
    "fieldCardinality": 5,
    "timeSeriesData": [
      {
        "matrix": [
            [3, 0, 0, 0, 0],
            [1, 1, 1, 1, 3],
            [0, 1, 2, 1, 4],
            [0, 1, 2, 1, 1],
            [0, 1, 2, 1, 0],
            [0, 1, 2, 1, 0],
            [0, 1, 2, 1, 0],
            [0, 1, 2, 1, 0],
            [0, 1, 2, 1, 0],
            [0, 1, 2, 1, 0],
            [0, 1, 2, 1, 0]
        ],
        "name": "wildtype experiment 1",
        "index": [] 
      },
      {
        "matrix": [
            [3, 3, 4, 4, 1],
            [1, 2, 3, 2, 4],
            [3, 3, 3, 3, 3],
            [4, 4, 3, 4, 2],
            [4, 4, 3, 4, 2],
            [4, 4, 3, 4, 2],
            [4, 4, 3, 4, 2],
            [4, 4, 3, 4, 2],
            [4, 4, 3, 4, 2]
        ],
        "name": "wildtype experiment 2",
        "index": [] 
      },
      {
        "matrix": [
            [0, 3, 4, 4, 1],
            [0, 2, 3, 2, 1],
            [0, 2, 3, 3, 1],
            [0, 2, 3, 3, 1],
            [0, 2, 3, 3, 1],
            [0, 2, 3, 3, 1],
            [0, 2, 3, 3, 1],
            [0, 2, 3, 3, 1],
            [0, 2, 3, 3, 1],
            [0, 2, 3, 3, 1]
        ],
        "name": "knockout experiment 1",
        "index": [1]
      }
    ]
  },
  "method": {
    "id": "REACT",
    "name": "evolutionary algorithm",
    "parameter": ["your parameter 1","your parameter 2"]
    },
  "type": "reverseEngineering"
  }
}
}
